component,version,type,supplier,added_by,layer,change,previous_version,managed_by,location,license,concerns,evidence,purl
adduser,3.134,Operating-system package (Debian),Debian Project,Debian 12 base,1,added,,,,,,Maintainer: Debian Adduser Developers <adduser@packages.debian.org>,pkg:deb/debian/adduser@3.134?arch=all
apt,2.6.1,Operating-system package (Debian),Debian Project,Debian 12 base,1,added,,,,,,Maintainer: APT Development Team <deity@lists.debian.org>,pkg:deb/debian/apt@2.6.1?arch=amd64
base-files,12.4+deb12u15,Operating-system package (Debian),Debian Project,Debian 12 base,1,added,,,,,,Maintainer: Santiago Vila <sanvila@debian.org>,pkg:deb/debian/base-files@12.4+deb12u15?arch=amd64
base-passwd,3.6.1,Operating-system package (Debian),Debian Project,Debian 12 base,1,added,,,,,,Maintainer: Colin Watson <cjwatson@debian.org>,pkg:deb/debian/base-passwd@3.6.1?arch=amd64
bash,5.2.15-2+b13,Operating-system package (Debian),Debian Project,Debian 12 base,1,added,,,,,,Maintainer: Matthias Klose <doko@debian.org>; Source package: bash (5.2.15-2),pkg:deb/debian/bash@5.2.15-2+b13?arch=amd64
bsdutils,1:2.38.1-5+deb12u3,Operating-system package (Debian),Debian Project,Debian 12 base,1,added,,,,,,Maintainer: util-linux packagers <util-linux@packages.debian.org>; Source package: util-linux (2.38.1-5+deb12u3),pkg:deb/debian/bsdutils@1:2.38.1-5+deb12u3?arch=amd64
ca-certificates,20250419~deb12u1,Operating-system package (Debian),Debian Project,Python image build,2,added,,,,,,Maintainer: Julien Cristau <jcristau@debian.org>,pkg:deb/debian/ca-certificates@20250419~deb12u1?arch=all
coreutils,9.1-1,Operating-system package (Debian),Debian Project,Debian 12 base,1,added,,,,,,Maintainer: Michael Stone <mstone@debian.org>,pkg:deb/debian/coreutils@9.1-1?arch=amd64
dash,0.5.12-2,Operating-system package (Debian),Debian Project,Debian 12 base,1,added,,,,,,Maintainer: Andrej Shadura <andrewsh@debian.org>,pkg:deb/debian/dash@0.5.12-2?arch=amd64
debconf,1.5.82,Operating-system package (Debian),Debian Project,Debian 12 base,1,added,,,,,,Maintainer: Debconf Developers <debconf-devel@lists.alioth.debian.org>,pkg:deb/debian/debconf@1.5.82?arch=all
debian-archive-keyring,2023.3+deb12u2,Operating-system package (Debian),Debian Project,Debian 12 base,1,added,,,,,,Maintainer: Debian Release Team <packages@release.debian.org>,pkg:deb/debian/debian-archive-keyring@2023.3+deb12u2?arch=all
debianutils,5.7-0.5~deb12u1,Operating-system package (Debian),Debian Project,Debian 12 base,1,added,,,,,,Maintainer: Clint Adams <clint@debian.org>,pkg:deb/debian/debianutils@5.7-0.5~deb12u1?arch=amd64
diffutils,1:3.8-4,Operating-system package (Debian),Debian Project,Debian 12 base,1,added,,,,,,Maintainer: Santiago Vila <sanvila@debian.org>,pkg:deb/debian/diffutils@1:3.8-4?arch=amd64
dpkg,1.21.23,Operating-system package (Debian),Debian Project,Debian 12 base,1,added,,,,,,Maintainer: Dpkg Developers <debian-dpkg@lists.debian.org>,pkg:deb/debian/dpkg@1.21.23?arch=amd64
e2fsprogs,1.47.0-2+b2,Operating-system package (Debian),Debian Project,Debian 12 base,1,added,,,,,,Maintainer: Theodore Y. Ts'o <tytso@mit.edu>; Source package: e2fsprogs (1.47.0-2),pkg:deb/debian/e2fsprogs@1.47.0-2+b2?arch=amd64
findutils,4.9.0-4,Operating-system package (Debian),Debian Project,Debian 12 base,1,added,,,,,,Maintainer: Andreas Metzler <ametzler@debian.org>,pkg:deb/debian/findutils@4.9.0-4?arch=amd64
gcc-12-base,12.2.0-14+deb12u1,Operating-system package (Debian),Debian Project,Debian 12 base,1,added,,,,,,Maintainer: Debian GCC Maintainers <debian-gcc@lists.debian.org>; Source package: gcc-12,pkg:deb/debian/gcc-12-base@12.2.0-14+deb12u1?arch=amd64
gpgv,2.2.40-1.1+deb12u2,Operating-system package (Debian),Debian Project,Debian 12 base,1,added,,,,,,Maintainer: Debian GnuPG Maintainers <pkg-gnupg-maint@lists.alioth.debian.org>; Source package: gnupg2,pkg:deb/debian/gpgv@2.2.40-1.1+deb12u2?arch=amd64
grep,3.8-5,Operating-system package (Debian),Debian Project,Debian 12 base,1,added,,,,,,Maintainer: Anibal Monsalve Salazar <anibal@debian.org>,pkg:deb/debian/grep@3.8-5?arch=amd64
gzip,1.12-1,Operating-system package (Debian),Debian Project,Debian 12 base,1,added,,,,,,Maintainer: Milan Kupcevic <milan@debian.org>,pkg:deb/debian/gzip@1.12-1?arch=amd64
hostname,3.23+nmu1,Operating-system package (Debian),Debian Project,Debian 12 base,1,added,,,,,,Maintainer: Michael Meskes <meskes@debian.org>,pkg:deb/debian/hostname@3.23+nmu1?arch=amd64
init-system-helpers,1.65.2+deb12u1,Operating-system package (Debian),Debian Project,Debian 12 base,1,added,,,,,,Maintainer: Debian systemd Maintainers <pkg-systemd-maintainers@lists.alioth.debian.org>,pkg:deb/debian/init-system-helpers@1.65.2+deb12u1?arch=all
libacl1,2.3.1-3,Operating-system package (Debian),Debian Project,Debian 12 base,1,added,,,,,,Maintainer: Guillem Jover <guillem@debian.org>; Source package: acl,pkg:deb/debian/libacl1@2.3.1-3?arch=amd64
libapt-pkg6.0,2.6.1,Operating-system package (Debian),Debian Project,Debian 12 base,1,added,,,,,,Maintainer: APT Development Team <deity@lists.debian.org>; Source package: apt,pkg:deb/debian/libapt-pkg6.0@2.6.1?arch=amd64
libattr1,1:2.5.1-4,Operating-system package (Debian),Debian Project,Debian 12 base,1,added,,,,,,Maintainer: Guillem Jover <guillem@debian.org>; Source package: attr,pkg:deb/debian/libattr1@1:2.5.1-4?arch=amd64
libaudit-common,1:3.0.9-1,Operating-system package (Debian),Debian Project,Debian 12 base,1,added,,,,,,Maintainer: Laurent Bigonville <bigon@debian.org>; Source package: audit,pkg:deb/debian/libaudit-common@1:3.0.9-1?arch=all
libaudit1,1:3.0.9-1,Operating-system package (Debian),Debian Project,Debian 12 base,1,added,,,,,,Maintainer: Laurent Bigonville <bigon@debian.org>; Source package: audit,pkg:deb/debian/libaudit1@1:3.0.9-1?arch=amd64
libblkid1,2.38.1-5+deb12u3,Operating-system package (Debian),Debian Project,Debian 12 base,1,added,,,,,,Maintainer: util-linux packagers <util-linux@packages.debian.org>; Source package: util-linux,pkg:deb/debian/libblkid1@2.38.1-5+deb12u3?arch=amd64
libbz2-1.0,1.0.8-5+b1,Operating-system package (Debian),Debian Project,Debian 12 base,1,added,,,,,,Maintainer: Anibal Monsalve Salazar <anibal@debian.org>; Source package: bzip2 (1.0.8-5),pkg:deb/debian/libbz2-1.0@1.0.8-5+b1?arch=amd64
libc-bin,2.36-9+deb12u14,Operating-system package (Debian),Debian Project,Debian 12 base,1,added,,,,,,Maintainer: GNU Libc Maintainers <debian-glibc@lists.debian.org>; Source package: glibc,pkg:deb/debian/libc-bin@2.36-9+deb12u14?arch=amd64
libc6,2.36-9+deb12u14,Operating-system package (Debian),Debian Project,Debian 12 base,1,added,,,,,,Maintainer: GNU Libc Maintainers <debian-glibc@lists.debian.org>; Source package: glibc,pkg:deb/debian/libc6@2.36-9+deb12u14?arch=amd64
libcap-ng0,0.8.3-1+b3,Operating-system package (Debian),Debian Project,Debian 12 base,1,added,,,,,,Maintainer: Håvard F. Aasen <havard.f.aasen@pfft.no>; Source package: libcap-ng (0.8.3-1),pkg:deb/debian/libcap-ng0@0.8.3-1+b3?arch=amd64
libcap2,1:2.66-4+deb12u3+b1,Operating-system package (Debian),Debian Project,Debian 12 base,1,added,,,,,,Maintainer: Christian Kastner <ckk@debian.org>; Source package: libcap2 (1:2.66-4+deb12u3),pkg:deb/debian/libcap2@1:2.66-4+deb12u3+b1?arch=amd64
libcom-err2,1.47.0-2+b2,Operating-system package (Debian),Debian Project,Debian 12 base,1,added,,,,,,Maintainer: Theodore Y. Ts'o <tytso@mit.edu>; Source package: e2fsprogs (1.47.0-2),pkg:deb/debian/libcom-err2@1.47.0-2+b2?arch=amd64
libcrypt1,1:4.4.33-2,Operating-system package (Debian),Debian Project,Debian 12 base,1,added,,,,,,Maintainer: Marco d'Itri <md@linux.it>; Source package: libxcrypt,pkg:deb/debian/libcrypt1@1:4.4.33-2?arch=amd64
libdb5.3,5.3.28+dfsg2-1,Operating-system package (Debian),Debian Project,Debian 12 base,1,added,,,,,,Maintainer: Bastian Germann <bage@debian.org>; Source package: db5.3,pkg:deb/debian/libdb5.3@5.3.28+dfsg2-1?arch=amd64
libdebconfclient0,0.270,Operating-system package (Debian),Debian Project,Debian 12 base,1,added,,,,,,Maintainer: Debian Install System Team <debian-boot@lists.debian.org>; Source package: cdebconf,pkg:deb/debian/libdebconfclient0@0.270?arch=amd64
libext2fs2,1.47.0-2+b2,Operating-system package (Debian),Debian Project,Debian 12 base,1,added,,,,,,Maintainer: Theodore Y. Ts'o <tytso@mit.edu>; Source package: e2fsprogs (1.47.0-2),pkg:deb/debian/libext2fs2@1.47.0-2+b2?arch=amd64
libffi8,3.4.4-1,Operating-system package (Debian),Debian Project,Debian 12 base,1,added,,,,,,Maintainer: Debian GCC Maintainers <debian-gcc@lists.debian.org>; Source package: libffi,pkg:deb/debian/libffi8@3.4.4-1?arch=amd64
libgcc-s1,12.2.0-14+deb12u1,Operating-system package (Debian),Debian Project,Debian 12 base,1,added,,,,,,Maintainer: Debian GCC Maintainers <debian-gcc@lists.debian.org>; Source package: gcc-12,pkg:deb/debian/libgcc-s1@12.2.0-14+deb12u1?arch=amd64
libgcrypt20,1.10.1-3+deb12u1,Operating-system package (Debian),Debian Project,Debian 12 base,1,added,,,,,,Maintainer: Debian GnuTLS Maintainers <pkg-gnutls-maint@lists.alioth.debian.org>,pkg:deb/debian/libgcrypt20@1.10.1-3+deb12u1?arch=amd64
libgdbm6,1.23-3,Operating-system package (Debian),Debian Project,Python image build,3,added,,,,,,Maintainer: Nicolas Mora <babelouest@debian.org>; Source package: gdbm,pkg:deb/debian/libgdbm6@1.23-3?arch=amd64
libgmp10,2:6.2.1+dfsg1-1.1,Operating-system package (Debian),Debian Project,Debian 12 base,1,added,,,,,,Maintainer: Debian Science Team <debian-science-maintainers@lists.alioth.debian.org>; Source package: gmp,pkg:deb/debian/libgmp10@2:6.2.1+dfsg1-1.1?arch=amd64
libgnutls30,3.7.9-2+deb12u7,Operating-system package (Debian),Debian Project,Debian 12 base,1,added,,,,,,Maintainer: Debian GnuTLS Maintainers <pkg-gnutls-maint@lists.alioth.debian.org>; Source package: gnutls28,pkg:deb/debian/libgnutls30@3.7.9-2+deb12u7?arch=amd64
libgpg-error0,1.46-1,Operating-system package (Debian),Debian Project,Debian 12 base,1,added,,,,,,Maintainer: Debian GnuPG Maintainers <pkg-gnupg-maint@lists.alioth.debian.org>; Source package: libgpg-error,pkg:deb/debian/libgpg-error0@1.46-1?arch=amd64
libgssapi-krb5-2,1.20.1-2+deb12u5,Operating-system package (Debian),Debian Project,Python image build,3,added,,,,,,Maintainer: Sam Hartman <hartmans@debian.org>; Source package: krb5,pkg:deb/debian/libgssapi-krb5-2@1.20.1-2+deb12u5?arch=amd64
libhogweed6,3.8.1-2,Operating-system package (Debian),Debian Project,Debian 12 base,1,added,,,,,,Maintainer: Magnus Holmgren <holmgren@debian.org>; Source package: nettle,pkg:deb/debian/libhogweed6@3.8.1-2?arch=amd64
libidn2-0,2.3.3-1+b1,Operating-system package (Debian),Debian Project,Debian 12 base,1,added,,,,,,Maintainer: Debian Libidn team <help-libidn@gnu.org>; Source package: libidn2 (2.3.3-1),pkg:deb/debian/libidn2-0@2.3.3-1+b1?arch=amd64
libk5crypto3,1.20.1-2+deb12u5,Operating-system package (Debian),Debian Project,Python image build,3,added,,,,,,Maintainer: Sam Hartman <hartmans@debian.org>; Source package: krb5,pkg:deb/debian/libk5crypto3@1.20.1-2+deb12u5?arch=amd64
libkeyutils1,1.6.3-2,Operating-system package (Debian),Debian Project,Python image build,3,added,,,,,,Maintainer: Christian Kastner <ckk@debian.org>; Source package: keyutils,pkg:deb/debian/libkeyutils1@1.6.3-2?arch=amd64
libkrb5-3,1.20.1-2+deb12u5,Operating-system package (Debian),Debian Project,Python image build,3,added,,,,,,Maintainer: Sam Hartman <hartmans@debian.org>; Source package: krb5,pkg:deb/debian/libkrb5-3@1.20.1-2+deb12u5?arch=amd64
libkrb5support0,1.20.1-2+deb12u5,Operating-system package (Debian),Debian Project,Python image build,3,added,,,,,,Maintainer: Sam Hartman <hartmans@debian.org>; Source package: krb5,pkg:deb/debian/libkrb5support0@1.20.1-2+deb12u5?arch=amd64
liblz4-1,1.9.4-1,Operating-system package (Debian),Debian Project,Debian 12 base,1,added,,,,,,Maintainer: Nobuhiro Iwamatsu <iwamatsu@debian.org>; Source package: lz4,pkg:deb/debian/liblz4-1@1.9.4-1?arch=amd64
liblzma5,5.4.1-1+deb12u2,Operating-system package (Debian),Debian Project,Debian 12 base,1,added,,,,,,Maintainer: Sebastian Andrzej Siewior <sebastian@breakpoint.cc>; Source package: xz-utils,pkg:deb/debian/liblzma5@5.4.1-1+deb12u2?arch=amd64
libmd0,1.0.4-2,Operating-system package (Debian),Debian Project,Debian 12 base,1,added,,,,,,Maintainer: Guillem Jover <guillem@debian.org>; Source package: libmd,pkg:deb/debian/libmd0@1.0.4-2?arch=amd64
libmount1,2.38.1-5+deb12u3,Operating-system package (Debian),Debian Project,Debian 12 base,1,added,,,,,,Maintainer: util-linux packagers <util-linux@packages.debian.org>; Source package: util-linux,pkg:deb/debian/libmount1@2.38.1-5+deb12u3?arch=amd64
libncursesw6,6.4-4,Operating-system package (Debian),Debian Project,Python image build,3,added,,,,,,Maintainer: Craig Small <csmall@debian.org>; Source package: ncurses,pkg:deb/debian/libncursesw6@6.4-4?arch=amd64
libnettle8,3.8.1-2,Operating-system package (Debian),Debian Project,Debian 12 base,1,added,,,,,,Maintainer: Magnus Holmgren <holmgren@debian.org>; Source package: nettle,pkg:deb/debian/libnettle8@3.8.1-2?arch=amd64
libnsl2,1.3.0-2,Operating-system package (Debian),Debian Project,Python image build,3,added,,,,,,Maintainer: GNU Libc Maintainers <debian-glibc@lists.debian.org>; Source package: libnsl,pkg:deb/debian/libnsl2@1.3.0-2?arch=amd64
libp11-kit0,0.24.1-2,Operating-system package (Debian),Debian Project,Debian 12 base,1,added,,,,,,Maintainer: Debian GnuTLS Maintainers <pkg-gnutls-maint@lists.alioth.debian.org>; Source package: p11-kit,pkg:deb/debian/libp11-kit0@0.24.1-2?arch=amd64
libpam-modules,1.5.2-6+deb12u2,Operating-system package (Debian),Debian Project,Debian 12 base,1,added,,,,,,Maintainer: Sam Hartman <hartmans@debian.org>; Source package: pam,pkg:deb/debian/libpam-modules@1.5.2-6+deb12u2?arch=amd64
libpam-modules-bin,1.5.2-6+deb12u2,Operating-system package (Debian),Debian Project,Debian 12 base,1,added,,,,,,Maintainer: Sam Hartman <hartmans@debian.org>; Source package: pam,pkg:deb/debian/libpam-modules-bin@1.5.2-6+deb12u2?arch=amd64
libpam-runtime,1.5.2-6+deb12u2,Operating-system package (Debian),Debian Project,Debian 12 base,1,added,,,,,,Maintainer: Sam Hartman <hartmans@debian.org>; Source package: pam,pkg:deb/debian/libpam-runtime@1.5.2-6+deb12u2?arch=all
libpam0g,1.5.2-6+deb12u2,Operating-system package (Debian),Debian Project,Debian 12 base,1,added,,,,,,Maintainer: Sam Hartman <hartmans@debian.org>; Source package: pam,pkg:deb/debian/libpam0g@1.5.2-6+deb12u2?arch=amd64
libpcre2-8-0,10.42-1+deb12u1,Operating-system package (Debian),Debian Project,Debian 12 base,1,added,,,,,,Maintainer: Matthew Vernon <matthew@debian.org>; Source package: pcre2,pkg:deb/debian/libpcre2-8-0@10.42-1+deb12u1?arch=amd64
libreadline8,8.2-1.3,Operating-system package (Debian),Debian Project,Python image build,3,added,,,,,,Maintainer: Matthias Klose <doko@debian.org>; Source package: readline,pkg:deb/debian/libreadline8@8.2-1.3?arch=amd64
libseccomp2,2.5.4-1+deb12u1,Operating-system package (Debian),Debian Project,Debian 12 base,1,added,,,,,,Maintainer: Kees Cook <kees@debian.org>; Source package: libseccomp,pkg:deb/debian/libseccomp2@2.5.4-1+deb12u1?arch=amd64
libselinux1,3.4-1+b6,Operating-system package (Debian),Debian Project,Debian 12 base,1,added,,,,,,Maintainer: Debian SELinux maintainers <selinux-devel@lists.alioth.debian.org>; Source package: libselinux (3.4-1),pkg:deb/debian/libselinux1@3.4-1+b6?arch=amd64
libsemanage-common,3.4-1,Operating-system package (Debian),Debian Project,Debian 12 base,1,added,,,,,,Maintainer: Debian SELinux maintainers <selinux-devel@lists.alioth.debian.org>; Source package: libsemanage,pkg:deb/debian/libsemanage-common@3.4-1?arch=all
libsemanage2,3.4-1+b5,Operating-system package (Debian),Debian Project,Debian 12 base,1,added,,,,,,Maintainer: Debian SELinux maintainers <selinux-devel@lists.alioth.debian.org>; Source package: libsemanage (3.4-1),pkg:deb/debian/libsemanage2@3.4-1+b5?arch=amd64
libsepol2,3.4-2.1,Operating-system package (Debian),Debian Project,Debian 12 base,1,added,,,,,,Maintainer: Debian SELinux maintainers <selinux-devel@lists.alioth.debian.org>; Source package: libsepol,pkg:deb/debian/libsepol2@3.4-2.1?arch=amd64
libsmartcols1,2.38.1-5+deb12u3,Operating-system package (Debian),Debian Project,Debian 12 base,1,added,,,,,,Maintainer: util-linux packagers <util-linux@packages.debian.org>; Source package: util-linux,pkg:deb/debian/libsmartcols1@2.38.1-5+deb12u3?arch=amd64
libsqlite3-0,3.40.1-2+deb12u2,Operating-system package (Debian),Debian Project,Python image build,3,added,,,,,,Maintainer: Laszlo Boszormenyi (GCS) <gcs@debian.org>; Source package: sqlite3,pkg:deb/debian/libsqlite3-0@3.40.1-2+deb12u2?arch=amd64
libss2,1.47.0-2+b2,Operating-system package (Debian),Debian Project,Debian 12 base,1,added,,,,,,Maintainer: Theodore Y. Ts'o <tytso@mit.edu>; Source package: e2fsprogs (1.47.0-2),pkg:deb/debian/libss2@1.47.0-2+b2?arch=amd64
libssl3,3.0.20-1~deb12u2,Operating-system package (Debian),Debian Project,Python image build,2,added,,,,,,Maintainer: Debian OpenSSL Team <pkg-openssl-devel@alioth-lists.debian.net>; Source package: openssl,pkg:deb/debian/libssl3@3.0.20-1~deb12u2?arch=amd64
libstdc++6,12.2.0-14+deb12u1,Operating-system package (Debian),Debian Project,Debian 12 base,1,added,,,,,,Maintainer: Debian GCC Maintainers <debian-gcc@lists.debian.org>; Source package: gcc-12,pkg:deb/debian/libstdc++6@12.2.0-14+deb12u1?arch=amd64
libsystemd0,252.39-1~deb12u2,Operating-system package (Debian),Debian Project,Debian 12 base,1,added,,,,,,Maintainer: Debian systemd Maintainers <pkg-systemd-maintainers@lists.alioth.debian.org>; Source package: systemd,pkg:deb/debian/libsystemd0@252.39-1~deb12u2?arch=amd64
libtasn1-6,4.19.0-2+deb12u1,Operating-system package (Debian),Debian Project,Debian 12 base,1,added,,,,,,Maintainer: Debian GnuTLS Maintainers <pkg-gnutls-maint@lists.alioth.debian.org>,pkg:deb/debian/libtasn1-6@4.19.0-2+deb12u1?arch=amd64
libtinfo6,6.4-4,Operating-system package (Debian),Debian Project,Debian 12 base,1,added,,,,,,Maintainer: Craig Small <csmall@debian.org>; Source package: ncurses,pkg:deb/debian/libtinfo6@6.4-4?arch=amd64
libtirpc-common,1.3.3+ds-1,Operating-system package (Debian),Debian Project,Python image build,3,added,,,,,,Maintainer: Josue Ortega <josue@debian.org>; Source package: libtirpc,pkg:deb/debian/libtirpc-common@1.3.3+ds-1?arch=all
libtirpc3,1.3.3+ds-1,Operating-system package (Debian),Debian Project,Python image build,3,added,,,,,,Maintainer: Josue Ortega <josue@debian.org>; Source package: libtirpc,pkg:deb/debian/libtirpc3@1.3.3+ds-1?arch=amd64
libudev1,252.39-1~deb12u2,Operating-system package (Debian),Debian Project,Debian 12 base,1,added,,,,,,Maintainer: Debian systemd Maintainers <pkg-systemd-maintainers@lists.alioth.debian.org>; Source package: systemd,pkg:deb/debian/libudev1@252.39-1~deb12u2?arch=amd64
libunistring2,1.0-2,Operating-system package (Debian),Debian Project,Debian 12 base,1,added,,,,,,Maintainer: Jörg Frings-Fürst <debian@jff.email>; Source package: libunistring,pkg:deb/debian/libunistring2@1.0-2?arch=amd64
libuuid1,2.38.1-5+deb12u3,Operating-system package (Debian),Debian Project,Debian 12 base,1,added,,,,,,Maintainer: util-linux packagers <util-linux@packages.debian.org>; Source package: util-linux,pkg:deb/debian/libuuid1@2.38.1-5+deb12u3?arch=amd64
libxxhash0,0.8.1-1,Operating-system package (Debian),Debian Project,Debian 12 base,1,added,,,,,,Maintainer: Josue Ortega <josue@debian.org>; Source package: xxhash,pkg:deb/debian/libxxhash0@0.8.1-1?arch=amd64
libzstd1,1.5.4+dfsg2-5,Operating-system package (Debian),Debian Project,Debian 12 base,1,added,,,,,,Maintainer: RPM packaging team <team+pkg-rpm@tracker.debian.org>; Source package: libzstd,pkg:deb/debian/libzstd1@1.5.4+dfsg2-5?arch=amd64
login,1:4.13+dfsg1-1+deb12u2,Operating-system package (Debian),Debian Project,Debian 12 base,1,added,,,,,,Maintainer: Shadow package maintainers <pkg-shadow-devel@lists.alioth.debian.org>; Source package: shadow,pkg:deb/debian/login@1:4.13+dfsg1-1+deb12u2?arch=amd64
logsave,1.47.0-2+b2,Operating-system package (Debian),Debian Project,Debian 12 base,1,added,,,,,,Maintainer: Theodore Y. Ts'o <tytso@mit.edu>; Source package: e2fsprogs (1.47.0-2),pkg:deb/debian/logsave@1.47.0-2+b2?arch=amd64
mawk,1.3.4.20200120-3.1,Operating-system package (Debian),Debian Project,Debian 12 base,1,added,,,,,,Maintainer: Boyuan Yang <byang@debian.org>,pkg:deb/debian/mawk@1.3.4.20200120-3.1?arch=amd64
mount,2.38.1-5+deb12u3,Operating-system package (Debian),Debian Project,Debian 12 base,1,added,,,,,,Maintainer: util-linux packagers <util-linux@packages.debian.org>; Source package: util-linux,pkg:deb/debian/mount@2.38.1-5+deb12u3?arch=amd64
ncurses-base,6.4-4,Operating-system package (Debian),Debian Project,Debian 12 base,1,added,,,,,,Maintainer: Craig Small <csmall@debian.org>; Source package: ncurses,pkg:deb/debian/ncurses-base@6.4-4?arch=all
ncurses-bin,6.4-4,Operating-system package (Debian),Debian Project,Debian 12 base,1,added,,,,,,Maintainer: Craig Small <csmall@debian.org>; Source package: ncurses,pkg:deb/debian/ncurses-bin@6.4-4?arch=amd64
netbase,6.4,Operating-system package (Debian),Debian Project,Python image build,2,added,,,,,,Maintainer: Marco d'Itri <md@linux.it>,pkg:deb/debian/netbase@6.4?arch=all
openssl,3.0.20-1~deb12u2,Operating-system package (Debian),Debian Project,Python image build,2,added,,,,,,Maintainer: Debian OpenSSL Team <pkg-openssl-devel@alioth-lists.debian.net>,pkg:deb/debian/openssl@3.0.20-1~deb12u2?arch=amd64
passwd,1:4.13+dfsg1-1+deb12u2,Operating-system package (Debian),Debian Project,Debian 12 base,1,added,,,,,,Maintainer: Shadow package maintainers <pkg-shadow-devel@lists.alioth.debian.org>; Source package: shadow,pkg:deb/debian/passwd@1:4.13+dfsg1-1+deb12u2?arch=amd64
perl-base,5.36.0-7+deb12u3,Operating-system package (Debian),Debian Project,Debian 12 base,1,added,,,,,,Maintainer: Niko Tyni <ntyni@debian.org>; Source package: perl,pkg:deb/debian/perl-base@5.36.0-7+deb12u3?arch=amd64
readline-common,8.2-1.3,Operating-system package (Debian),Debian Project,Python image build,3,added,,,,,,Maintainer: Matthias Klose <doko@debian.org>; Source package: readline,pkg:deb/debian/readline-common@8.2-1.3?arch=all
sed,4.9-1+deb12u1,Operating-system package (Debian),Debian Project,Debian 12 base,1,added,,,,,,Maintainer: Clint Adams <clint@debian.org>,pkg:deb/debian/sed@4.9-1+deb12u1?arch=amd64
sysvinit-utils,3.06-4,Operating-system package (Debian),Debian Project,Debian 12 base,1,added,,,,,,Maintainer: Debian sysvinit maintainers <debian-init-diversity@chiark.greenend.org.uk>; Source package: sysvinit,pkg:deb/debian/sysvinit-utils@3.06-4?arch=amd64
tar,1.34+dfsg-1.2+deb12u1,Operating-system package (Debian),Debian Project,Debian 12 base,1,added,,,,,,Maintainer: Janos Lenart <ocsi@debian.org>,pkg:deb/debian/tar@1.34+dfsg-1.2+deb12u1?arch=amd64
tzdata,2026b-0+deb12u1,Operating-system package (Debian),Debian Project,Debian 12 base,1,added,,,,,,Maintainer: GNU Libc Maintainers <debian-glibc@lists.debian.org>,pkg:deb/debian/tzdata@2026b-0+deb12u1?arch=all
usr-is-merged,37~deb12u1,Operating-system package (Debian),Debian Project,Debian 12 base,1,added,,,,,,Maintainer: Marco d'Itri <md@linux.it>; Source package: usrmerge,pkg:deb/debian/usr-is-merged@37~deb12u1?arch=all
util-linux,2.38.1-5+deb12u3,Operating-system package (Debian),Debian Project,Debian 12 base,1,added,,,,,,Maintainer: util-linux packagers <util-linux@packages.debian.org>,pkg:deb/debian/util-linux@2.38.1-5+deb12u3?arch=amd64
util-linux-extra,2.38.1-5+deb12u3,Operating-system package (Debian),Debian Project,Debian 12 base,1,added,,,,,,Maintainer: util-linux packagers <util-linux@packages.debian.org>; Source package: util-linux,pkg:deb/debian/util-linux-extra@2.38.1-5+deb12u3?arch=amd64
zlib1g,1:1.2.13.dfsg-1,Operating-system package (Debian),Debian Project,Debian 12 base,1,added,,,,,,Maintainer: Mark Brown <broonie@debian.org>; Source package: zlib,pkg:deb/debian/zlib1g@1:1.2.13.dfsg-1?arch=amd64
pip,25.0.1,Python library,PyPI (Python Package Index),Python image build,3,added,,,usr/local/lib/python3.12/site-packages/pip-25.0.1.dist-info,MIT,,Installed by: pip,pkg:pypi/pip@25.0.1
python3.12,,Untraceable program file,Unknown - not installed by any package manager,Python image build,3,added,,,usr/local/bin/python3.12,,No package record: this file can only be traced to the build step that added it,SHA-256 4dbf3143240288fb2170257ffaa7bd030cdda5d2703d1f5f30b627042267e2e3,
libpython3.12.so.1.0,,Untraceable program file,Unknown - not installed by any package manager,Python image build,3,added,,,usr/local/lib/libpython3.12.so.1.0,,No package record: this file can only be traced to the build step that added it,SHA-256 d07a7e8baf1f63443d490760e488619b735fdedcaf2dc8423a767c0999b9cd82,
libpython3.so,,Untraceable program file,Unknown - not installed by any package manager,Python image build,3,added,,,usr/local/lib/libpython3.so,,No package record: this file can only be traced to the build step that added it,SHA-256 bb0af42ae5527a4e1308579f2612f7ed0277252b61bdbb594edf6e9a03b46b59,
python.o,,Untraceable program file,Unknown - not installed by any package manager,Python image build,3,added,,,usr/local/lib/python3.12/config-3.12-x86_64-linux-gnu/python.o,,No package record: this file can only be traced to the build step that added it,SHA-256 67931c28e05a456fde4d0412a6bc1b07858204dadb02e681548769d58c309674,
_asyncio.cpython-312-x86_64-linux-gnu.so,,Untraceable program file,Unknown - not installed by any package manager,Python image build,3,added,,,usr/local/lib/python3.12/lib-dynload/_asyncio.cpython-312-x86_64-linux-gnu.so,,No package record: this file can only be traced to the build step that added it,SHA-256 92aa9f79f2990bf46534ea22f7c41013e7928eb996ebc64c70dfe04f8de1783a,
_bisect.cpython-312-x86_64-linux-gnu.so,,Untraceable program file,Unknown - not installed by any package manager,Python image build,3,added,,,usr/local/lib/python3.12/lib-dynload/_bisect.cpython-312-x86_64-linux-gnu.so,,No package record: this file can only be traced to the build step that added it,SHA-256 a74bf985af196d789cfec66a6e651455ae8f581432b4623a3f0f8ada0acbade0,
_blake2.cpython-312-x86_64-linux-gnu.so,,Untraceable program file,Unknown - not installed by any package manager,Python image build,3,added,,,usr/local/lib/python3.12/lib-dynload/_blake2.cpython-312-x86_64-linux-gnu.so,,No package record: this file can only be traced to the build step that added it,SHA-256 8f3a158bc092fcea1528dae16d257c7375e211a3cad29adcff5cb071b5dd686d,
_bz2.cpython-312-x86_64-linux-gnu.so,,Untraceable program file,Unknown - not installed by any package manager,Python image build,3,added,,,usr/local/lib/python3.12/lib-dynload/_bz2.cpython-312-x86_64-linux-gnu.so,,No package record: this file can only be traced to the build step that added it,SHA-256 6005672e56c07e84e48e0fb0282de93589263cbc6167050769c4868d46b002b2,
_codecs_cn.cpython-312-x86_64-linux-gnu.so,,Untraceable program file,Unknown - not installed by any package manager,Python image build,3,added,,,usr/local/lib/python3.12/lib-dynload/_codecs_cn.cpython-312-x86_64-linux-gnu.so,,No package record: this file can only be traced to the build step that added it,SHA-256 7e148da9140f4f739562662934edb25f7848fea8971d99b2ac615f0beff7322b,
_codecs_hk.cpython-312-x86_64-linux-gnu.so,,Untraceable program file,Unknown - not installed by any package manager,Python image build,3,added,,,usr/local/lib/python3.12/lib-dynload/_codecs_hk.cpython-312-x86_64-linux-gnu.so,,No package record: this file can only be traced to the build step that added it,SHA-256 ca46b3129d2daa48b4b903ab9543afd7f3a36461c59ba657c676581549ca1c35,
_codecs_iso2022.cpython-312-x86_64-linux-gnu.so,,Untraceable program file,Unknown - not installed by any package manager,Python image build,3,added,,,usr/local/lib/python3.12/lib-dynload/_codecs_iso2022.cpython-312-x86_64-linux-gnu.so,,No package record: this file can only be traced to the build step that added it,SHA-256 a62b333975e0660146cd286ad89c61ea24c05f7c2f086486f9acb6aa612c5604,
_codecs_jp.cpython-312-x86_64-linux-gnu.so,,Untraceable program file,Unknown - not installed by any package manager,Python image build,3,added,,,usr/local/lib/python3.12/lib-dynload/_codecs_jp.cpython-312-x86_64-linux-gnu.so,,No package record: this file can only be traced to the build step that added it,SHA-256 6a9b6cda4bb8c4110f3d50d4bb393f72183ce6e48de30fd90236f7b66051b864,
_codecs_kr.cpython-312-x86_64-linux-gnu.so,,Untraceable program file,Unknown - not installed by any package manager,Python image build,3,added,,,usr/local/lib/python3.12/lib-dynload/_codecs_kr.cpython-312-x86_64-linux-gnu.so,,No package record: this file can only be traced to the build step that added it,SHA-256 0fdcea63bb30b299a9079b1be126fbca8dea125b128fbe5895cd9d8452593c36,
_codecs_tw.cpython-312-x86_64-linux-gnu.so,,Untraceable program file,Unknown - not installed by any package manager,Python image build,3,added,,,usr/local/lib/python3.12/lib-dynload/_codecs_tw.cpython-312-x86_64-linux-gnu.so,,No package record: this file can only be traced to the build step that added it,SHA-256 773115912d0873bbd6fc282dd78df628e0b0363e093a26ea23d6703dab964b39,
_contextvars.cpython-312-x86_64-linux-gnu.so,,Untraceable program file,Unknown - not installed by any package manager,Python image build,3,added,,,usr/local/lib/python3.12/lib-dynload/_contextvars.cpython-312-x86_64-linux-gnu.so,,No package record: this file can only be traced to the build step that added it,SHA-256 b6ec3142afe1de818b277c8307b9258d5d60032f07c097343de61e40f4d172a1,
_crypt.cpython-312-x86_64-linux-gnu.so,,Untraceable program file,Unknown - not installed by any package manager,Python image build,3,added,,,usr/local/lib/python3.12/lib-dynload/_crypt.cpython-312-x86_64-linux-gnu.so,,No package record: this file can only be traced to the build step that added it,SHA-256 d51fec0790409bbfd7080a38c67ac650761aad6de58c5ed0f47d57dda19bb2c8,
_csv.cpython-312-x86_64-linux-gnu.so,,Untraceable program file,Unknown - not installed by any package manager,Python image build,3,added,,,usr/local/lib/python3.12/lib-dynload/_csv.cpython-312-x86_64-linux-gnu.so,,No package record: this file can only be traced to the build step that added it,SHA-256 27505d594a2b6da218c3066ce1c9a88f91f5e6e09694abcd79f0c7c907b3e3df,
_ctypes.cpython-312-x86_64-linux-gnu.so,,Untraceable program file,Unknown - not installed by any package manager,Python image build,3,added,,,usr/local/lib/python3.12/lib-dynload/_ctypes.cpython-312-x86_64-linux-gnu.so,,No package record: this file can only be traced to the build step that added it,SHA-256 08239c4829e4419520de8937b5baaeff9568ae52f51656f823e744be30521172,
_ctypes_test.cpython-312-x86_64-linux-gnu.so,,Untraceable program file,Unknown - not installed by any package manager,Python image build,3,added,,,usr/local/lib/python3.12/lib-dynload/_ctypes_test.cpython-312-x86_64-linux-gnu.so,,No package record: this file can only be traced to the build step that added it,SHA-256 e16de47e772edc2fd49f3f32b43f3161fbb1a1462c757ade8105d9ffb1047ff5,
_curses.cpython-312-x86_64-linux-gnu.so,,Untraceable program file,Unknown - not installed by any package manager,Python image build,3,added,,,usr/local/lib/python3.12/lib-dynload/_curses.cpython-312-x86_64-linux-gnu.so,,No package record: this file can only be traced to the build step that added it,SHA-256 51a1ee25d94bd2e4f47f5f26118bd33fbbbd8e03958ceddf1941c3129ebed06a,
_curses_panel.cpython-312-x86_64-linux-gnu.so,,Untraceable program file,Unknown - not installed by any package manager,Python image build,3,added,,,usr/local/lib/python3.12/lib-dynload/_curses_panel.cpython-312-x86_64-linux-gnu.so,,No package record: this file can only be traced to the build step that added it,SHA-256 c0e8ec3b55d202f19fab72707a3a494b3092f4e5474c7aeb00d25e209b70cf0c,
_datetime.cpython-312-x86_64-linux-gnu.so,,Untraceable program file,Unknown - not installed by any package manager,Python image build,3,added,,,usr/local/lib/python3.12/lib-dynload/_datetime.cpython-312-x86_64-linux-gnu.so,,No package record: this file can only be traced to the build step that added it,SHA-256 ab4e5ea789407e48415b8b720f47357b231409e91ed97534c548ba310da3fafa,
_dbm.cpython-312-x86_64-linux-gnu.so,,Untraceable program file,Unknown - not installed by any package manager,Python image build,3,added,,,usr/local/lib/python3.12/lib-dynload/_dbm.cpython-312-x86_64-linux-gnu.so,,No package record: this file can only be traced to the build step that added it,SHA-256 8b440f35415a6731d566475433e6a44c7f9cf504ce88c79b7820f5365e46f636,
_decimal.cpython-312-x86_64-linux-gnu.so,,Untraceable program file,Unknown - not installed by any package manager,Python image build,3,added,,,usr/local/lib/python3.12/lib-dynload/_decimal.cpython-312-x86_64-linux-gnu.so,,No package record: this file can only be traced to the build step that added it,SHA-256 58a0a57ff2172660f2e8a531f60a66da62e6211ecf168b2ef225ad6b67fccbd8,
_elementtree.cpython-312-x86_64-linux-gnu.so,,Untraceable program file,Unknown - not installed by any package manager,Python image build,3,added,,,usr/local/lib/python3.12/lib-dynload/_elementtree.cpython-312-x86_64-linux-gnu.so,,No package record: this file can only be traced to the build step that added it,SHA-256 4b5c42e414ec63e1dcff3d29ceabc33898cbe7c49e49f54ea2d89b473ecc809a,
_gdbm.cpython-312-x86_64-linux-gnu.so,,Untraceable program file,Unknown - not installed by any package manager,Python image build,3,added,,,usr/local/lib/python3.12/lib-dynload/_gdbm.cpython-312-x86_64-linux-gnu.so,,No package record: this file can only be traced to the build step that added it,SHA-256 4595f9f9be5b3fcca18ad29fd22a8c33d166158212d17259e35bb201173ecf96,
_hashlib.cpython-312-x86_64-linux-gnu.so,,Untraceable program file,Unknown - not installed by any package manager,Python image build,3,added,,,usr/local/lib/python3.12/lib-dynload/_hashlib.cpython-312-x86_64-linux-gnu.so,,No package record: this file can only be traced to the build step that added it,SHA-256 62f8313c0801ae9ea9093280e76f85366e8e630b8988dda136585d8b666c36f6,
_heapq.cpython-312-x86_64-linux-gnu.so,,Untraceable program file,Unknown - not installed by any package manager,Python image build,3,added,,,usr/local/lib/python3.12/lib-dynload/_heapq.cpython-312-x86_64-linux-gnu.so,,No package record: this file can only be traced to the build step that added it,SHA-256 9fb4d274201fcff0e72463994a2837aed1dd8d2e3186122fa18f562f0997f82e,
_json.cpython-312-x86_64-linux-gnu.so,,Untraceable program file,Unknown - not installed by any package manager,Python image build,3,added,,,usr/local/lib/python3.12/lib-dynload/_json.cpython-312-x86_64-linux-gnu.so,,No package record: this file can only be traced to the build step that added it,SHA-256 27a9e4dfd56a203797611b0e0d722278d7a4c296bf8c5296ad786fe5f37daadf,
_lsprof.cpython-312-x86_64-linux-gnu.so,,Untraceable program file,Unknown - not installed by any package manager,Python image build,3,added,,,usr/local/lib/python3.12/lib-dynload/_lsprof.cpython-312-x86_64-linux-gnu.so,,No package record: this file can only be traced to the build step that added it,SHA-256 a664c7c4df263baf189dfe78fda7df231aac8fb0f6c6c6db8207d8b6be9915eb,
_lzma.cpython-312-x86_64-linux-gnu.so,,Untraceable program file,Unknown - not installed by any package manager,Python image build,3,added,,,usr/local/lib/python3.12/lib-dynload/_lzma.cpython-312-x86_64-linux-gnu.so,,No package record: this file can only be traced to the build step that added it,SHA-256 bbd42782f8e244052da21c0eb59037978b74513e939c6d5c0da19df54b7629bd,
_md5.cpython-312-x86_64-linux-gnu.so,,Untraceable program file,Unknown - not installed by any package manager,Python image build,3,added,,,usr/local/lib/python3.12/lib-dynload/_md5.cpython-312-x86_64-linux-gnu.so,,No package record: this file can only be traced to the build step that added it,SHA-256 6be12dfdcabeb185c695b408d2ca177ae4db154531b58f208387a54281a5b675,
_multibytecodec.cpython-312-x86_64-linux-gnu.so,,Untraceable program file,Unknown - not installed by any package manager,Python image build,3,added,,,usr/local/lib/python3.12/lib-dynload/_multibytecodec.cpython-312-x86_64-linux-gnu.so,,No package record: this file can only be traced to the build step that added it,SHA-256 3f20a0a5b502467cb5c615969c6423825d70cdfb9899fe478a0c230b5b0ef716,
_multiprocessing.cpython-312-x86_64-linux-gnu.so,,Untraceable program file,Unknown - not installed by any package manager,Python image build,3,added,,,usr/local/lib/python3.12/lib-dynload/_multiprocessing.cpython-312-x86_64-linux-gnu.so,,No package record: this file can only be traced to the build step that added it,SHA-256 99ecad4dec958ce9bbef705a3deaaec3c0ba3499a97e0c0f6d5dbb68f7642ad7,
_opcode.cpython-312-x86_64-linux-gnu.so,,Untraceable program file,Unknown - not installed by any package manager,Python image build,3,added,,,usr/local/lib/python3.12/lib-dynload/_opcode.cpython-312-x86_64-linux-gnu.so,,No package record: this file can only be traced to the build step that added it,SHA-256 13a7073cd880503117ba0e4dc1a990e06fcc0b5f5ba67b75fd5f94b898fb9c05,
_pickle.cpython-312-x86_64-linux-gnu.so,,Untraceable program file,Unknown - not installed by any package manager,Python image build,3,added,,,usr/local/lib/python3.12/lib-dynload/_pickle.cpython-312-x86_64-linux-gnu.so,,No package record: this file can only be traced to the build step that added it,SHA-256 e5b2163f53a2e0d08661326991a5166da51f37f46150d8379ffb23ff92e2ad0b,
_posixshmem.cpython-312-x86_64-linux-gnu.so,,Untraceable program file,Unknown - not installed by any package manager,Python image build,3,added,,,usr/local/lib/python3.12/lib-dynload/_posixshmem.cpython-312-x86_64-linux-gnu.so,,No package record: this file can only be traced to the build step that added it,SHA-256 6708062892495aab53b3d17d6f55702d52963695949175b75de319244bc75b44,
_posixsubprocess.cpython-312-x86_64-linux-gnu.so,,Untraceable program file,Unknown - not installed by any package manager,Python image build,3,added,,,usr/local/lib/python3.12/lib-dynload/_posixsubprocess.cpython-312-x86_64-linux-gnu.so,,No package record: this file can only be traced to the build step that added it,SHA-256 62bc85d8e631dc74d323517cfa787ad06fd472c1d78a706c2ffd671ffeb32c1f,
_queue.cpython-312-x86_64-linux-gnu.so,,Untraceable program file,Unknown - not installed by any package manager,Python image build,3,added,,,usr/local/lib/python3.12/lib-dynload/_queue.cpython-312-x86_64-linux-gnu.so,,No package record: this file can only be traced to the build step that added it,SHA-256 91afbee0f4f0ca54f39f54cb65b8cbfdc793496f2e3cfd39889b7cd85af838dc,
_random.cpython-312-x86_64-linux-gnu.so,,Untraceable program file,Unknown - not installed by any package manager,Python image build,3,added,,,usr/local/lib/python3.12/lib-dynload/_random.cpython-312-x86_64-linux-gnu.so,,No package record: this file can only be traced to the build step that added it,SHA-256 980e29192c872257c5243c0556306f36f36dba8031b3ac94828aa06c5e796662,
_sha1.cpython-312-x86_64-linux-gnu.so,,Untraceable program file,Unknown - not installed by any package manager,Python image build,3,added,,,usr/local/lib/python3.12/lib-dynload/_sha1.cpython-312-x86_64-linux-gnu.so,,No package record: this file can only be traced to the build step that added it,SHA-256 9b457bf1f851ede010b74318bfc4e727ecb4cb8f9c076dc67228f273a8308851,
_sha2.cpython-312-x86_64-linux-gnu.so,,Untraceable program file,Unknown - not installed by any package manager,Python image build,3,added,,,usr/local/lib/python3.12/lib-dynload/_sha2.cpython-312-x86_64-linux-gnu.so,,No package record: this file can only be traced to the build step that added it,SHA-256 5b70322f13d9f114eba4a3ee66dc01af3dbbc153dcd4c6e657d25d3f7a3ce159,
_sha3.cpython-312-x86_64-linux-gnu.so,,Untraceable program file,Unknown - not installed by any package manager,Python image build,3,added,,,usr/local/lib/python3.12/lib-dynload/_sha3.cpython-312-x86_64-linux-gnu.so,,No package record: this file can only be traced to the build step that added it,SHA-256 3e109d9011cfb2b57a50b20a0179a17a0674673deaeaaa13c60a5fcbe8b2d43e,
_socket.cpython-312-x86_64-linux-gnu.so,,Untraceable program file,Unknown - not installed by any package manager,Python image build,3,added,,,usr/local/lib/python3.12/lib-dynload/_socket.cpython-312-x86_64-linux-gnu.so,,No package record: this file can only be traced to the build step that added it,SHA-256 a2df6d45aa7494f79c70a57fd09c3a8a5fdebc9d3b383166d2dc88179850e210,
_sqlite3.cpython-312-x86_64-linux-gnu.so,,Untraceable program file,Unknown - not installed by any package manager,Python image build,3,added,,,usr/local/lib/python3.12/lib-dynload/_sqlite3.cpython-312-x86_64-linux-gnu.so,,No package record: this file can only be traced to the build step that added it,SHA-256 3c685f4b095aa43fe2f1e704f3a777419bb077fa824704dafa9f7d7798927eb0,
_ssl.cpython-312-x86_64-linux-gnu.so,,Untraceable program file,Unknown - not installed by any package manager,Python image build,3,added,,,usr/local/lib/python3.12/lib-dynload/_ssl.cpython-312-x86_64-linux-gnu.so,,No package record: this file can only be traced to the build step that added it,SHA-256 f0a7fc4badb2778319bfbed0c5be20a80734a39d0a1787ed6427bbc15980847a,
_statistics.cpython-312-x86_64-linux-gnu.so,,Untraceable program file,Unknown - not installed by any package manager,Python image build,3,added,,,usr/local/lib/python3.12/lib-dynload/_statistics.cpython-312-x86_64-linux-gnu.so,,No package record: this file can only be traced to the build step that added it,SHA-256 1166ee631860021ad7add69ab746488244101ebb3cc914a4e4753aff799c87da,
_struct.cpython-312-x86_64-linux-gnu.so,,Untraceable program file,Unknown - not installed by any package manager,Python image build,3,added,,,usr/local/lib/python3.12/lib-dynload/_struct.cpython-312-x86_64-linux-gnu.so,,No package record: this file can only be traced to the build step that added it,SHA-256 1ba177e758260f7539a0926cd851674d9704e64b72bd8c4ec610a5b9d3d69ce8,
_testbuffer.cpython-312-x86_64-linux-gnu.so,,Untraceable program file,Unknown - not installed by any package manager,Python image build,3,added,,,usr/local/lib/python3.12/lib-dynload/_testbuffer.cpython-312-x86_64-linux-gnu.so,,No package record: this file can only be traced to the build step that added it,SHA-256 f4961c7c36ea205f039a144765d25826a909ff42b2c5c607f4f1fa4c77b0cf35,
_testcapi.cpython-312-x86_64-linux-gnu.so,,Untraceable program file,Unknown - not installed by any package manager,Python image build,3,added,,,usr/local/lib/python3.12/lib-dynload/_testcapi.cpython-312-x86_64-linux-gnu.so,,No package record: this file can only be traced to the build step that added it,SHA-256 814935064c1362df1dc1ced2f8a1f67a3895cce1bcc89b91f9d40febd9008fe2,
_testclinic.cpython-312-x86_64-linux-gnu.so,,Untraceable program file,Unknown - not installed by any package manager,Python image build,3,added,,,usr/local/lib/python3.12/lib-dynload/_testclinic.cpython-312-x86_64-linux-gnu.so,,No package record: this file can only be traced to the build step that added it,SHA-256 db21b8ae83cf09c680c8277507dea1904f428593862a79e4311021d2dd8c97d5,
_testimportmultiple.cpython-312-x86_64-linux-gnu.so,,Untraceable program file,Unknown - not installed by any package manager,Python image build,3,added,,,usr/local/lib/python3.12/lib-dynload/_testimportmultiple.cpython-312-x86_64-linux-gnu.so,,No package record: this file can only be traced to the build step that added it,SHA-256 136b559338891fbe7cf71f984d1a001a5acd22e2e702730cba18311211c94721,
_testinternalcapi.cpython-312-x86_64-linux-gnu.so,,Untraceable program file,Unknown - not installed by any package manager,Python image build,3,added,,,usr/local/lib/python3.12/lib-dynload/_testinternalcapi.cpython-312-x86_64-linux-gnu.so,,No package record: this file can only be traced to the build step that added it,SHA-256 10410fd168f222d159fb999737bf0c15c6c228419fdd546f28a1091b358bb452,
_testmultiphase.cpython-312-x86_64-linux-gnu.so,,Untraceable program file,Unknown - not installed by any package manager,Python image build,3,added,,,usr/local/lib/python3.12/lib-dynload/_testmultiphase.cpython-312-x86_64-linux-gnu.so,,No package record: this file can only be traced to the build step that added it,SHA-256 9af28bcc57c2463240c0fa4670ec33eec493ca1e10ac7e1b3ea32911f4194df3,
_testsinglephase.cpython-312-x86_64-linux-gnu.so,,Untraceable program file,Unknown - not installed by any package manager,Python image build,3,added,,,usr/local/lib/python3.12/lib-dynload/_testsinglephase.cpython-312-x86_64-linux-gnu.so,,No package record: this file can only be traced to the build step that added it,SHA-256 97f4c586a5b41ba3cb9857b19fdcb823b11907db00e09597d677d03520e0e502,
_tkinter.cpython-312-x86_64-linux-gnu.so,,Untraceable program file,Unknown - not installed by any package manager,Python image build,3,added,,,usr/local/lib/python3.12/lib-dynload/_tkinter.cpython-312-x86_64-linux-gnu.so,,No package record: this file can only be traced to the build step that added it,SHA-256 d039f4ad40d67b15980486c6c3f52294b45f978d0285277226cb25a2ff94eb05,
_uuid.cpython-312-x86_64-linux-gnu.so,,Untraceable program file,Unknown - not installed by any package manager,Python image build,3,added,,,usr/local/lib/python3.12/lib-dynload/_uuid.cpython-312-x86_64-linux-gnu.so,,No package record: this file can only be traced to the build step that added it,SHA-256 261774fdb063769bc8351c4545266a188f6f487f243746cb6b93ca24df201d1f,
_xxinterpchannels.cpython-312-x86_64-linux-gnu.so,,Untraceable program file,Unknown - not installed by any package manager,Python image build,3,added,,,usr/local/lib/python3.12/lib-dynload/_xxinterpchannels.cpython-312-x86_64-linux-gnu.so,,No package record: this file can only be traced to the build step that added it,SHA-256 d4ba7b86186bafba729f106b0199632133f6034c7d140b60dcabddb7f068c9c7,
_xxsubinterpreters.cpython-312-x86_64-linux-gnu.so,,Untraceable program file,Unknown - not installed by any package manager,Python image build,3,added,,,usr/local/lib/python3.12/lib-dynload/_xxsubinterpreters.cpython-312-x86_64-linux-gnu.so,,No package record: this file can only be traced to the build step that added it,SHA-256 09c8c88767f3a6e173fd7fa086414354057e29c824de7843235ce1b19238d4c8,
_xxtestfuzz.cpython-312-x86_64-linux-gnu.so,,Untraceable program file,Unknown - not installed by any package manager,Python image build,3,added,,,usr/local/lib/python3.12/lib-dynload/_xxtestfuzz.cpython-312-x86_64-linux-gnu.so,,No package record: this file can only be traced to the build step that added it,SHA-256 f6442e909d489f9aa44b21d64eb0cf9b7e98af0a723788a0cdb0ac76cb4f3d2f,
_zoneinfo.cpython-312-x86_64-linux-gnu.so,,Untraceable program file,Unknown - not installed by any package manager,Python image build,3,added,,,usr/local/lib/python3.12/lib-dynload/_zoneinfo.cpython-312-x86_64-linux-gnu.so,,No package record: this file can only be traced to the build step that added it,SHA-256 a9ffd52874199815315d1522435ef444862b9c00981847fdf3f02b78aa6cb378,
array.cpython-312-x86_64-linux-gnu.so,,Untraceable program file,Unknown - not installed by any package manager,Python image build,3,added,,,usr/local/lib/python3.12/lib-dynload/array.cpython-312-x86_64-linux-gnu.so,,No package record: this file can only be traced to the build step that added it,SHA-256 b882e118f37f58230b27eca65e737314402ceca62a30bfbbd61d1d5f384940cd,
audioop.cpython-312-x86_64-linux-gnu.so,,Untraceable program file,Unknown - not installed by any package manager,Python image build,3,added,,,usr/local/lib/python3.12/lib-dynload/audioop.cpython-312-x86_64-linux-gnu.so,,No package record: this file can only be traced to the build step that added it,SHA-256 e8a6636fb8b8d37d340af68c2126cdd49621947bff3114f4cceb632586891826,
binascii.cpython-312-x86_64-linux-gnu.so,,Untraceable program file,Unknown - not installed by any package manager,Python image build,3,added,,,usr/local/lib/python3.12/lib-dynload/binascii.cpython-312-x86_64-linux-gnu.so,,No package record: this file can only be traced to the build step that added it,SHA-256 497f59b9d65c1689a5091c74b8ea0d45bd5ff9ea38d851098678c6f5335b2e50,
cmath.cpython-312-x86_64-linux-gnu.so,,Untraceable program file,Unknown - not installed by any package manager,Python image build,3,added,,,usr/local/lib/python3.12/lib-dynload/cmath.cpython-312-x86_64-linux-gnu.so,,No package record: this file can only be traced to the build step that added it,SHA-256 c38b09a066673fec6259c9aa1c3008885b14fd19ac18f679bafdcd2c0fe8c49c,
fcntl.cpython-312-x86_64-linux-gnu.so,,Untraceable program file,Unknown - not installed by any package manager,Python image build,3,added,,,usr/local/lib/python3.12/lib-dynload/fcntl.cpython-312-x86_64-linux-gnu.so,,No package record: this file can only be traced to the build step that added it,SHA-256 ea644f73ea71eb24ded065447ac4b62c7ac84c18947c471a52aeedfffe399a98,
grp.cpython-312-x86_64-linux-gnu.so,,Untraceable program file,Unknown - not installed by any package manager,Python image build,3,added,,,usr/local/lib/python3.12/lib-dynload/grp.cpython-312-x86_64-linux-gnu.so,,No package record: this file can only be traced to the build step that added it,SHA-256 707dca24ce3ffd92858afe610331225259a87fe245608fffcb5404750ccee8e4,
math.cpython-312-x86_64-linux-gnu.so,,Untraceable program file,Unknown - not installed by any package manager,Python image build,3,added,,,usr/local/lib/python3.12/lib-dynload/math.cpython-312-x86_64-linux-gnu.so,,No package record: this file can only be traced to the build step that added it,SHA-256 d5406db6489a39858c75359888e42a60411d4dd2761369a3787795a2eb80ff17,
mmap.cpython-312-x86_64-linux-gnu.so,,Untraceable program file,Unknown - not installed by any package manager,Python image build,3,added,,,usr/local/lib/python3.12/lib-dynload/mmap.cpython-312-x86_64-linux-gnu.so,,No package record: this file can only be traced to the build step that added it,SHA-256 23a99a9658dc2c45c3868037416b0c6abec964b3b62022767aa489f222234985,
nis.cpython-312-x86_64-linux-gnu.so,,Untraceable program file,Unknown - not installed by any package manager,Python image build,3,added,,,usr/local/lib/python3.12/lib-dynload/nis.cpython-312-x86_64-linux-gnu.so,,No package record: this file can only be traced to the build step that added it,SHA-256 a15e37dff475dac1a2c5ec559fbcbe83962e74400368a3d2e1b014a72b1c83a6,
ossaudiodev.cpython-312-x86_64-linux-gnu.so,,Untraceable program file,Unknown - not installed by any package manager,Python image build,3,added,,,usr/local/lib/python3.12/lib-dynload/ossaudiodev.cpython-312-x86_64-linux-gnu.so,,No package record: this file can only be traced to the build step that added it,SHA-256 05b700c438ed919f157fc858475c1962c62e0fde09b23f46d71391ca5da31996,
pyexpat.cpython-312-x86_64-linux-gnu.so,,Untraceable program file,Unknown - not installed by any package manager,Python image build,3,added,,,usr/local/lib/python3.12/lib-dynload/pyexpat.cpython-312-x86_64-linux-gnu.so,,No package record: this file can only be traced to the build step that added it,SHA-256 734c35135d237e6ea609efc6c1c29edc02bad3b4947ec6efddae496c0cd8c98b,
readline.cpython-312-x86_64-linux-gnu.so,,Untraceable program file,Unknown - not installed by any package manager,Python image build,3,added,,,usr/local/lib/python3.12/lib-dynload/readline.cpython-312-x86_64-linux-gnu.so,,No package record: this file can only be traced to the build step that added it,SHA-256 c06d6d449a8e183ce0b9919f1fa6e6d3c65f5b1fc7d029f4160f48978e93cfd9,
resource.cpython-312-x86_64-linux-gnu.so,,Untraceable program file,Unknown - not installed by any package manager,Python image build,3,added,,,usr/local/lib/python3.12/lib-dynload/resource.cpython-312-x86_64-linux-gnu.so,,No package record: this file can only be traced to the build step that added it,SHA-256 88333109ff96d77bd620bb9d540540fbdc7af33300d06cab3d6522d6464efd4d,
select.cpython-312-x86_64-linux-gnu.so,,Untraceable program file,Unknown - not installed by any package manager,Python image build,3,added,,,usr/local/lib/python3.12/lib-dynload/select.cpython-312-x86_64-linux-gnu.so,,No package record: this file can only be traced to the build step that added it,SHA-256 1fffe09cfc4cee81b507241522e0f517a2b6e306d3d85828f9387c25de5c24ec,
spwd.cpython-312-x86_64-linux-gnu.so,,Untraceable program file,Unknown - not installed by any package manager,Python image build,3,added,,,usr/local/lib/python3.12/lib-dynload/spwd.cpython-312-x86_64-linux-gnu.so,,No package record: this file can only be traced to the build step that added it,SHA-256 249cd0c45058ba4907ec2526743e0baadb8ef76a543325b22aa0fc86a8177140,
syslog.cpython-312-x86_64-linux-gnu.so,,Untraceable program file,Unknown - not installed by any package manager,Python image build,3,added,,,usr/local/lib/python3.12/lib-dynload/syslog.cpython-312-x86_64-linux-gnu.so,,No package record: this file can only be traced to the build step that added it,SHA-256 bd4bb2e2cdfe471ef8bdf63634e0d9a5c4d4746ca38e21f61fbd73e070c5a38c,
termios.cpython-312-x86_64-linux-gnu.so,,Untraceable program file,Unknown - not installed by any package manager,Python image build,3,added,,,usr/local/lib/python3.12/lib-dynload/termios.cpython-312-x86_64-linux-gnu.so,,No package record: this file can only be traced to the build step that added it,SHA-256 09af1ef11a4223ebbd5364c6411d28dca3728da4cb89b1ecc86e88e40e9f7001,
unicodedata.cpython-312-x86_64-linux-gnu.so,,Untraceable program file,Unknown - not installed by any package manager,Python image build,3,added,,,usr/local/lib/python3.12/lib-dynload/unicodedata.cpython-312-x86_64-linux-gnu.so,,No package record: this file can only be traced to the build step that added it,SHA-256 a55355fa4aed3b789b9ded790d439989fef022c6b4479e6515dee5301c0c58b6,
xxlimited.cpython-312-x86_64-linux-gnu.so,,Untraceable program file,Unknown - not installed by any package manager,Python image build,3,added,,,usr/local/lib/python3.12/lib-dynload/xxlimited.cpython-312-x86_64-linux-gnu.so,,No package record: this file can only be traced to the build step that added it,SHA-256 4988faeeae3cdc628e7fafe7e7825223abf8b5e0e7fed47d8e2344ee36838cc7,
xxlimited_35.cpython-312-x86_64-linux-gnu.so,,Untraceable program file,Unknown - not installed by any package manager,Python image build,3,added,,,usr/local/lib/python3.12/lib-dynload/xxlimited_35.cpython-312-x86_64-linux-gnu.so,,No package record: this file can only be traced to the build step that added it,SHA-256 c7af779317999088acbc726757346dfe00ebe662e5d3ebb0ca7933273fe0117f,
xxsubtype.cpython-312-x86_64-linux-gnu.so,,Untraceable program file,Unknown - not installed by any package manager,Python image build,3,added,,,usr/local/lib/python3.12/lib-dynload/xxsubtype.cpython-312-x86_64-linux-gnu.so,,No package record: this file can only be traced to the build step that added it,SHA-256 1396acbe9cdf457ab69631ae46aff0949690441a30c6aa18af4316a60cb5500b,
zlib.cpython-312-x86_64-linux-gnu.so,,Untraceable program file,Unknown - not installed by any package manager,Python image build,3,added,,,usr/local/lib/python3.12/lib-dynload/zlib.cpython-312-x86_64-linux-gnu.so,,No package record: this file can only be traced to the build step that added it,SHA-256 9ba8006577c4fb6e6f164581ea6e472381450bed2591391ba3b910acd2993d8d,
